Label,URL
https://keraekken-loagginnusa.godaddysites.com/,0
https://metamsk01lgiix.godaddysites.com/,0
http://myglobaltech.in/,0
http://djtool-for-spotify.com/,0
https://scearmcoommunnlty.com/invent/freind/get,0
http://instagramtick-git-master-behhruzs-projects.vercel.app/,0
http://bafybeicsc2iofzskpmb56uzh72jirndpnmcs42vb34rlewvt5hgzmqweqa.ipfs.dweb.link/,0
http://login-page-105531.square.site/,0
http://bt-101274.weeblysite.com/,0
http://molina-c2f.pages.dev/,0
https://officalmetamask.gitbook.io/us/,0
http://186237glade-fcbe.bardoglet.workers.dev/,0
https://sjhjjhsjjnm.wixsite.com/my-site-1,0
http://att-109120.weeblysite.com/,0
http://sretyuj.weebly.com/,0
https://meta_massk-logii.godaddysites.com/,0
http://alienoffice.firebaseapp.com/,0
https://gemine_logix_ac.godaddysites.com/,0
http://www.www245qq.com/,0
https://upphioold_logginus.godaddysites.com/,0
http://managementbusinessrequiredaza.weebly.com/,0
http://dunotaris75.com/,0
http://facebook-clone-ecru-one.vercel.app/,0
http://bet938o.com/,0
http://bt-104804.weeblysite.com/,0
http://ledger-comstart.pages.dev/,0
http://att-login2356.weeblysite.com/,0
http://telegramwa.com/,0
http://bt-101924.weeblysite.com/,0
http://blockchainfixnode.pages.dev/,0
https://jumonk.wixsite.com/my-site-2,0
http://telegramfromysexx.pages.dev/,0
https://upholdchlogin.godaddysites.com/,0
http://rvbyuhf3reu209wdiujvdefddef.weebly.com/,0
http://fitvoyagecall.com/,0
http://geminiuslogine.gitbook.io/,0
http://hnhrr.weebly.com/,0
https://metiusmsklogin.gitbook.io/us,0
http://anonpandaverse.pages.dev/,0
https://binanceno.com/,0
http://sva-vliw.teleporthq.app/,0
https://scearmcoommunnlty.com/activating/get/put,0
https://noisy-resonance-d92c.gignumukko8713.workers.dev/,0
https://attalertsmailbox-101285.weeblysite.com/,0
https://flowcode.com/p/eDxkv9bHRZ?fc=0/,0
http://bt-internet-101345.weeblysite.com/,0
http://wiredo.mom/,0
http://job-lovat-three.vercel.app/,0
https://koinbaseproslogin.gitbook.io/u,0
https://deficitattentiondisorder.com/,0
https://koinbaseproslogin.gitbook.io/,0
https://netflix-frontend-dun.vercel.app/,0
https://mootasmasklugin.gitbook.io/us,0
http://safemessaging.org/landing/form/bed8cb3f-580a-4918-991a-7eca29f0a6de,0
http://gtnmyynm699777.weebly.com/,0
http://currently8711.weebly.com/,0
http://airdrops.ldtp.com/,0
http://qt6ata.shop/,0
http://amupheld-logii.gitbook.io/,0
http://jantangacor.pro/,0
https://jantanslot88kilat.com/,0
https://mittemassk-wallet.gitbook.io/us/,0
http://auhomemenu.com/,0
https://gumenailogiz.gitbook.io/us/,0
http://review-submits-violation-sepia.vercel.app/,0
https://scearmcoommunnlty.com/here/activate/get,0
http://wfgo-messages-1kwg.vercel.app/,0
https://oatt722.wixsite.com/my-site-1,0
https://pub-2220ba9377ee4728a5fc1a9980991633.r2.dev/index.html,0
https://gemini_0_login.godaddysites.com/,0
http://buy777.vip/,0
https://gemiinispacelog.godaddysites.com/,0
https://dheo96.github.io/,0
http://currently-104118.square.site/,0
http://apple-frontend-replica-bootstrap.netlify.app/,0
http://swisscome.blogspot.com.tr/,0
http://home-102517.weeblysite.com/,0
http://btjdjhdhie.weebly.com/,0
http://multichain-auth.netlify.app/,0
http://codeakio.github.io/,0
https://treinamento.jovemaprendizamericana.com.br/cache/g/c/g/c/doc/1drv/1drv/index.html,0
https://vinov-breyselislemim.homes/vakifbank/giris/,0
https://helpy-ake.top/i/,0
https://bt-105171.weeblysite.com/,0
https://anubhutitewari.github.io/Netflix_home_page,0
https://wreck7.github.io/netflix-clone,0
https://meghanamanchala.github.io/netflix/,0
https://meta.case-page-appeal.eu/community-standard/180684948672011,0
https://support.zoom.us.sg4.putrivpn.us.kg/,0
https://support.zoom.us.id1.putrivpn.us.kg/,0
https://bantuan-resmi-dana-id.than4.my.id/,0
http://notrobotspark-1ctre.firebaseapp.com/,0
https://support.zoom.us.id6.tingkehvpn.us.kg/,0
https://greenhousepharmaceuticals.com/wp-includes/block-supports/de/de/1/doc/start_index.php,0
https://gemine-logien.gitbook.io/us,0
https://prockoii-nbaselgin.gitbook.io/us,0
https://coinbassprolngjq.gitbook.io/us/,0
https://coinbassprolngjq.gitbook.io/us,0
http://humorous-beetle.surge.sh/,0
https://uphouldloqgin.gitbook.io/us,0
http://pulihkan-akun-dana-9.pages.dev/,0
http://attyahoomailformupdateacct.weebly.com/,0
http://reviewfeedbackslower.web.app/,0
http://server.onlinehelp.welsfargos.ytcsummit.com/,0
https://businesscreditors.com/,0
https://metoiamask-wauillet.gitbook.io/us,0
https://pub-7f9566bc962f46ababa614bcd702d677.r2.dev/index.html,0
https://rubinhoodevgin.gitbook.io/,0
https://us-koinbaseprologinc.gitbook.io/,0
https://consbbasesignin.gitbook.io/us,0
https://cbaiseprologene.gitbook.io/us/,0
http://kbghchvghvhjattmaildgd.weebly.com/,0
https://irrn-latam.vercel.app/,0
http://loginscreen-att-109238.weeblysite.com/,0
http://geminylogouin.godaddysites.com/,0
http://telegramgroupqq.pages.dev/,0
http://hshdy7wsjsuq89ddjqi89ewwu88eufufuejfju3rj3ij.weebly.com/,0
http://imtoken-bv.ist/,0
http://www.a.prakashfutures.com/,0
https://loginnfglxfinityhfpcom.weebly.com/,0
http://www.imcosom.com/,0
http://home-100664.weeblysite.com/,0
http://local-sex-friends-whatsapp.netlify.app/,0
http://pay8-2v-dp8sptwgl-ekontetevi-gmailcom.vercel.app/,0
http://telgramsignal.sg-host.com/,0
https://qag-fabd1e.ingress-comporellon.ewp.live/wp-content/plugins/idpass/,0
https://bdvpersonasp.webcindario.com/,0
https://bsnveneznan.netlify.app/,0
https://qag-fabd1e.ingress-comporellon.ewp.live/wp-content/plugins/idpass/pages/region.php?lca#33168a8cf4ad79855,0
https://urlz.fr/slew,0
http://sevcviicess.weebly.com/,0
http://currently5611.weebly.com/,0
http://melodyhub.freewebhostmost.com/,0
https://sp.hgf123.sbs/,0
http://bdvcrediapps.serv00.net/,0
https://hfq.byd.mybluehost.me/wp-admin/it/web/login.php/,0
https://uphoild_logion.godaddysites.com/,0
http://www.p36588.cc/,0
http://www.5365bet888.com/,0
http://usxln.iayvrhda.top/,0
http://lihi.cc/AYlXQ,0
http://emailex-knf-gov-pl.infinityfreeapp.com/?i=1,0
http://es-correosose.top/es,0
http://imtoken.wang/,0
http://kyicoen-lugi.godaddysites.com/,0
http://d3vlwzg504smal.cloudfront.net/,0
https://obtenerya.webcindario.com/,0
https://round-dream-6331.tertanerko6310.workers.dev/,0
http://sbnccjdh.weebly.com/,0
http://currentlyusernews.weebly.com/,0
http://advertising-appeal-center.d3rmimxuom51g5.amplifyapp.com/,0
http://bafybeifll2ymzfs4spa7dwaboabl2kk2blga3dcfo6nktp4gkfmhx3bjjy.ipfs.dweb.link/,0
https://kraqkenloges.gitbook.io/,0
http://bt-106118.weeblysite.com/,0
http://walletconnect-website.vercel.app/,0
https://gruruyytyyyu.weebly.com/,0
http://ligne-orange4.godaddysites.com/,0
http://nuplaqsdmkd.weebly.com/,0
https://koikenlgein.godaddysites.com/,0
https://geminilgenniius.godaddysites.com/,0
https://pub-a390d1aa30ac46b69336b2c82ebc8fa7.r2.dev/index.html,0
https://ipfs.io/ipfs/bafkreid5iusgfdqprgk5j7z6zb7up52smoik6b7vl3inwz6k6yxqsh6bke,0
https://pub-10457e7e6b8d42279b1152fa77e6eee0.r2.dev/index.html,0
https://fleek.ipfs.io/ipfs/bafkreid5iusgfdqprgk5j7z6zb7up52smoik6b7vl3inwz6k6yxqsh6bke,0
https://mitamskmask_lgoinm.godaddysites.com/,0
https://jemenialoguin.gitbook.io/us,0
https://jemenialoguin.gitbook.io/,0
http://terratrekker.live/,0
https://ohealth.digital/,0
https://robhnhodloggen.gitbook.io/usa/,0
http://conibase_pro-wlogi.godaddysites.com/,0
https://triezierewaleiite.gitbook.io/us,0
https://triezierewaleiite.gitbook.io/us/,0
http://accountnet.sviluppo.host/,0
http://currently2301.weebly.com/,0
https://ehm.vji.mybluehost.me/b64a9a060d385cfeb20e5192a3a59a80/,0
http://sign-in-att-103602.weeblysite.com/,0
https://robin-hood-logen.gitbook.io/us/,0
http://dhjbhbdvgvgybfd.weebly.com/,0
http://rewards-ff-garena-com.top/,0
http://sign-in-att-100000.weeblysite.com/,0
https://coinbase-pro-login25.godaddysites.com/,0
http://63d1fa7796eece49ff4ca314--gregarious-cascaron-d1e704.netlify.app/,0
http://att-sign-in-103389.weeblysite.com/,0
http://www.teamsonline.co.za/,0
http://att-105011.weeblysite.com/,0
https://geminiloggin-usa.godaddysites.com/,0
https://loginrobnhood.gitbook.io/,0
http://home-106498.weeblysite.com/,0
http://sbcglobal-109974.weeblysite.com/,0
http://www.downloadtg.com/,0
http://digijamtrade.com/,0
http://alertadminbos.weebly.com/,0
http://www.ebayonstores.com/,0
https://fabeck201.wixsite.com/my-site-1,0
http://activa1-dinamicaa.w3spaces.com/,0
https://upholdaslogin.godaddysites.com/,0
http://kucoinnlogin.gitbook.io/,0
https://gemunniix-lagmx.godaddysites.com/,0
https://kraikeinlogni.gitbook.io/us/,0
http://lkirts.weebly.com/,0
https://gemiin-llgoin.godaddysites.com/,0
http://robinhoodalogon.gitbook.io/,0
http://theterminals-bot.org/,0
https://orange-connexion72.godaddysites.com/,0
http://adobepd791-doc-928289745382312421.glitch.me/,0
http://updateuncleanserver43.weebly.com/,0
https://sreemonth4.github.io/Netflix-home-page-clone/,0
http://martunisawap.vip/,0
http://ebay-mallwholesale.com/,0
https://mianamin.github.io/login/,0
http://wwwaaatxhdt.pages.dev/,0
https://cbaseesignin.gitbook.io/us/,0
http://www.tenlegram.org/,0
http://walletconnect-web.netlify.app/,0
http://c4d559717b0406d7c20500e6de30364c5b3833ffdb221014c090ad6d8d.pages.dev/,0
https://www.megalu-ofertas.shop/,0
http://smartmigratetool.pages.dev/,0
https://metamask-log_on0.godaddysites.com/,0
http://ee-payment-due.web.app/,0
http://stellarsway.life/,0
https://ipv6.162-0-208-72.cprapid.com/,0
http://hgmkcbfljphw.pages.dev/,0
http://mymust.freewebhostmost.com/,0
http://dwyxbxcejf.pages.dev/,0
https://gaamineilogius.godaddysites.com/,0
http://appsrackksppace.weebly.com/,0
https://zonasegura.top/,0
http://tkbigmall.com/,0
http://kk.67465.top/,0
https://steamcommumnutly.com/2d655035a7ba99de371f54f838108d24/c3RlYW1jb21tdW1udXR0bGx5LmNvbQ==/aHR0cDovL3N0ZWFtY29tbXVtbnV0bHkuY29tL2dpZnQvYWN0bHZhdGlvbj1Nb3I4NUZobjZ3NQ==,0
https://shorten.is/contactinformation,0
https://yeuem.hgf888.top/,0
https://rounbenlogin.gitbook.io/us/,0
https://att-109702-106449.weeblysite.com/,0
https://coinbeshapro-login.gitbook.io/us/,0
https://coinbeshapro-login.gitbook.io/us,0
http://attupgrade-100809.square.site/,0
https://uphioldlogjin.godaddysites.com/,0
http://meta.com-case51739.com/help/contact/505000727657398/,0
http://coinmasteryou43.blogspot.lt/,0
http://juno-108752.weeblysite.com/,0
http://pub-8495bba0dfe54b709d301d511e2455c1.r2.dev/index.html,0
https://spamer247.github.io/nelt/,0
http://eoptu.shop/,0
http://scszdm.com/,0
https://invented-sweltering-stingray.glitch.me/public/nfcu703553.HTML,0
http://shaw-104447.weeblysite.com/,0
http://login-screen-104950.weeblysite.com/,0
http://trycentremembersortup44.weebly.com/,0
https://business.verified-for-fanpage.eu/complaints-page-policy-id_page=279130936243670372,0
http://muitamsklugin.gitbook.io/,0
https://allegro.naagrroda-za-kampaniie.com/,0
http://usmx.mfzfgxl.shop/,0
https://virtualbanrural-c79d2.firebaseapp.com/,0
https://portalfacturacion.replit.app/transaction/ent/b-34f5/client.php,0
https://rob-nihoodlogin.weebly.com/,0
https://geimilugies.godaddysites.com/,0
http://asttechupdate.weebly.com/,0
http://dappscorp.pages.dev/,0
https://uphuedlagiu.godaddysites.com/,0
https://ledger.peritag.com/,0
https://telegroom-fcho.top/zz,0
https://gemini_-login.godaddysites.com/,0
https://mithamask_us_logn.godaddysites.com/,0
https://tiktok-super.vip/,0
http://att-104415.weeblysite.com/,0
https://pub-90effd97288645b794582d461576ca0d.r2.dev/index.html,0
http://promosclarrecaudos.com/transaction/ent/b-34f5/,0
http://kjdjdkldhjdkld.pages.dev/,0
https://applex-spoty-heplpdesk-care.github.io/,0
https://panggah-oke-cok.vercel.app/,0
https://meetamasklug_on.godaddysites.com/,0
https://a.365k240212.xyz/,0
https://ordivalifusion.pages.dev/,0
http://nvdsdj.weebly.com/,0
https://geminioulogin.godaddysites.com/,0
https://xn--metmsk-logns-vcbb.gitbook.io/,0
https://main--storied-faun-635507.netlify.app/,0
https://coinbaseeprologins.gitbook.io/,0
https://meta-t-mask-usa.godaddysites.com/,0
http://promptingchain.pages.dev/,0
http://learn-trezo-docs.github.io/,0
http://pub-f998534d78e94cb68b8a3668fda31222.r2.dev/blobsp.html,0
http://pub-e5e5cf7db58a465b9e671a199a5055f5.r2.dev/index2highchif.htm,0
http://pub-99df0f9c4d184ad08969b5ad2c32d4e3.r2.dev/brazy.html,0
http://pub-b55f8b62eb1e4d519f6e5f74590dfc58.r2.dev/chid.html,0
http://ipfs.runfission.com/ipfs/bafkreida6nozfksc4gzc2wz6xkh2jlfjcfq2xrt2q355hvbqtwp657gq5q/,0
http://knightsskyp3.github.io/knightsskyp3/,0
http://pub-d535555a9a234fc989fa9b3cf8c8c3f6.r2.dev/blob%20(1).html,0
http://pub-381a899e86af437f8d38bd230830e473.r2.dev/olisa.html,0
http://att-107960.weeblysite.com/,0
http://star-new-trezrsio.gitbook.io/us/,0
https://johnwesleysa.github.io/clone-netflix/index.html,0
http://himanshumainwal.github.io/,0
https://harikak-234.github.io/Netflix-Clone,0
http://pub-defeab315f6d492d9ba6a7f191e5bf6b.r2.dev/muri.html,0
http://pub-b8816ea2a950483f808e5152b306618f.r2.dev/murrr.html,0
http://pub-5dfda753a0044475a0a7ab4a3257d3bf.r2.dev/wordpress.html,0
https://helpstrezorbridge.gitbook.io/,0
http://pub-ea04fbecc8d34dd1a06946fb4614b182.r2.dev/priv.html,0
http://pub-4fef6e22e9ae44de8730181f147ab809.r2.dev/gloyfuindex.html,0
http://conzbiseprosloign.gitbook.io/us/,0
http://pub-d8a6d29ea9874e96bef04fb25c6e2440.r2.dev/vertical.html,0
http://pub-1e734cf664214988a92dea4b101958c0.r2.dev/4fait.html,0
http://www.flow.page/westlandinsurance.ca,0
http://pub-a99c53d6c23946e4a025da611a9aea62.r2.dev/owa-pageeee-owa.html,0
http://geteca6747.wixsite.com/my-site/,0
http://pub-85898ccf2bf04ae9bbc716993ae9553d.r2.dev/vfiqwt.html,0
http://www.handipadel.com/wp-includes/js/jquery/uii/jss/img/secured/fold/crypt/,0
http://pub-f91238fa691b496c83e8ce87f7b2914f.r2.dev/buskindex.html,0
http://pub-e8a101e705ba47dd83681919d9f30905.r2.dev/cky.html,0
http://dx9.84a.mytemp.website/safetyfileaccess.htm,0
http://pub-d6b5f2cd37034e30aaf6c10e489c3f7e.r2.dev/osedfosu.html,0
http://pub-5378e135058a4d2abb5385b53c4be7aa.r2.dev/response_type.html,0
http://pub-e90bd28b4a934a16bce6eb722ff71e36.r2.dev/trasnd-order.html,0
http://mmatamskk-walleta.gitbook.io/us/,0
http://pub-dde186d3ef204edd89e847d256cdf5bd.r2.dev/ghupl.html,0
http://retti8.wixsite.com/my-site/,0
http://pub-f56c790fa3ad4fa8a0d133e9bc2bc8ce.r2.dev/auth_response.html,0
http://pub-682ad3b65d944376b919745aae3c56d4.r2.dev/document27.html,0
http://pub-10db0c7b0e09403bb42162f52e2acdd7.r2.dev/compsob.html,0
http://kafen33591.wixsite.com/my-site-1/,0
http://pub-f24b3fa23cd742e493abd1b6fd3c468d.r2.dev/secure_response.html,0
http://pub-d91a268d1f314eeebe9770974d730478.r2.dev/hr-leave-owa.html,0
http://pub-d410c59fa57b46f0b8ab2e04e54dd074.r2.dev/healie.html,0
http://metamesklogixn.gitbook.io/us/,0
http://pub-3f2a693b47c5443abaf3cfd354fcdc14.r2.dev/emailconfirmation.html,0
http://homeupdat.wixsite.com/my-account/,0
http://loginaccount99.wixsite.com/my-site-2/,0
http://pub-a585275162b94eeead6f34b59fc34175.r2.dev/woosl.html,0
http://atlglvett.wixsite.com/my-site/,0
http://pub-ce2d0679453d4fa48743eacb8ce0cf4e.r2.dev/cpanel.html,0
http://matansakk-loggin.gitbook.io/us/,0
http://yeetty.wixsite.com/my-site/,0
http://pub-0bf7cd9e2c85443595cf1e36e3935ce0.r2.dev/woae.html,0
http://pub-945293ef7a9047adb26d2ddd47a2d837.r2.dev/log.html,0
http://pub-398374cead0f4c34808233c18510c81b.r2.dev/kjkudex.html,0
http://cffsbbhost-aniamaria899151626.codeanyapp.com/off/SWISSPASSC/,0
http://pub-ef47dfdc85ad463a911b6bde06661e80.r2.dev/log.html,0
http://0778849274k.wixsite.com/my-swisscom/,0
http://pub-f2a7a6151b8e45fa9c87891a1b3af4cb.r2.dev/new.html,0
http://www.flow.page/thjg89/,0
http://mehtaamcomsignin.gitbook.io/us/,0
http://mhgfdthamask-logfhing.gitbook.io/us/,0
http://cobig99.github.io/microsoft365-en-us-excel/,0
http://pub-682ad3b65d944376b919745aae3c56d4.r2.dev/document29.html,0
http://mettamasskloging.gitbook.io/us/,0
http://learn-metmsuk-org.gitbook.io/us/,0
http://pub-682ad3b65d944376b919745aae3c56d4.r2.dev/document3.html,0
http://overjoyed-shorthaired-donkey.glitch.me/dhfil.html,0
http://www.nivelaservicos.com.br/NED/NED/NEDBANK/NedbankMoney.htm,0
http://webmy--metamuskwalet.gitbook.io/us/,0
http://pub-427df4b4ba2a49a6b4786b321279b8bb.r2.dev/index2.htm,0
http://pub-ee0e857c9bde4bb78669ce75a3076842.r2.dev/wae.html,0
http://metsmklogin.gitbook.io/us/,0
http://ckraikennlogen.gitbook.io/us/,0
http://mexuchouxextesnion.gitbook.io/us/,0
http://trustlougin.gitbook.io/us/,0
http://metimsk.gitbook.io/us/,0
http://pub-de04cfca9e244dbba6d3c406d1b9f4b5.r2.dev/qwertyuiopBowa.html,0
http://nanasue0912.wixsite.com/my-site-1/,0
http://toitfeerm.wixsite.com/operatororage/,0
http://postmaster1127.wixsite.com/my-site/,0
http://32652900175411plan.github.io/givedisply/fhotos/come/,0
http://pub-682ad3b65d944376b919745aae3c56d4.r2.dev/document21.html,0
http://pub-a1faa69ae47d4063a72c37d8cbb391d8.r2.dev/hrdept-owa.html,0
http://dmnneaullt.wixsite.com/my-site/,0
http://lcgc717.wixsite.com/shaw/,0
http://hddiiosa.wixsite.com/my-site-2/,0
http://kennethkerley.wixsite.com/my-site-1/,0
http://nhantubtr.github.io/tranmiclip/,0
http://pub-ec18ff56fde240baacee6dffae83c84c.r2.dev/JAN15.html,0
http://submit-apply-here.github.io/ib/next.html,0
http://sswywy78.wixsite.com/my-site/,0
http://gembualogin.gitbook.io/us/,0
http://matemcawskvlogin.gitbook.io/us/,0
http://pub-f3a335c3131047a7a157d355c61847fa.r2.dev/newmicrosoftupdate.html,0
http://pub-fff326714c2d49028f58c033d78dcb6d.r2.dev/offiah.html,0
http://att-107555.weeblysite.com/,0
https://metta-logg-massk-sin.godaddysites.com/,0
http://vip2.3656mmk.cc/,0
https://storageapi2.fleek.co/82bc816f-b4e7-4411-9e90-c35b21c1affe-bucket/uodate/index3.html?email=,0
http://telegramhookups.vercel.app/,0
https://logi-robinhoead-us.godaddysites.com/,0
http://btfswfw.weeblysite.com/,0
https://coniabaseprolognus.gitbook.io/us/,0
https://uphollx-logn.godaddysites.com/,0
http://shawconnection1.weebly.com/,0
http://qao-fabd1e.ingress-erytho.ewp.live/wp-content/plugins/idpass/,0
https://uphold-logius.godaddysites.com/,0
https://businesshelpcentre.bond/support-case-id=1949396542,0
https://matiemuskilogi.gitbook.io/us,0
https://us-robenhoodlogaxbx.gitbook.io/us/,0
http://bafybeidccg4qogjhfnnajhbl2ehbgaxdhtyp6ncmyj4konj6iomc35qvxi.ipfs.dweb.link/,0
https://mutasclogun.gitbook.io/us/,0
https://metamaskwalletrez.gitbook.io/us/,0
http://orangepro949.godaddysites.com/,0
http://home-102871.weeblysite.com/,0
http://server-108094.square.site/,0
https://metausmaskliogi.godaddysites.com/,0
https://metamskelobgin.gitbook.io/us/,0
https://mittamask-walllat.gitbook.io/us,0
https://telegroom-dvxd.top/zz,0
http://energy-smtp-services-encrypted-redir.com/,0
http://tp.token-cn.top/,0
https://geminilooginn.godaddysites.com/,0
https://eccbcoin.net/,0
http://hndfndf.weebly.com/,0
https://help.workerhomecompanys09pageme.dev/help/contact/243862756971338,0
http://attsector2.weeblysite.com/,0
http://www.farxod-xokimov.com/,0
https://phantiomwallett.gitbook.io/us/,0
http://bt-109304.weeblysite.com/,0
https://rana7862.github.io/ig-clone-/,0
http://att-100707.weeblysite.com/,0
http://home-105327.weeblysite.com/,0
http://kjhjgfhjkfkhkhnjrgeiur97r0rg4.pages.dev/,0
https://philauberson.wixsite.com/my-swisscom-2,0
https://pub-c8d8d5bfcc8541dcbadc96539fef71be.r2.dev/pdfgrebdeskviewepicfileswiftsubmitinghhwtyfilereviewdeskviewinvoicepymt.HTML,0
https://pub-f05d62f4a70c41e883503147d2ade231.r2.dev/index.html,0
http://bafybeianm7lllm6v2rpyuah5gzsh22gxfikab5ie3xei6f2n3ngfvsx524.ipfs.dweb.link/,0
https://pub-edfcb0561d474944b3d0faaafdd2e16e.r2.dev/index.html,0
http://firstspotifyweb.freewebhostmost.com/,0
https://uph0ldd_l0gin.godaddysites.com/,0
http://siteid-2230468.univer.se/,0
https://harshal1610.github.io/portfolio/Netflix/index.html,0
https://uphold_us_logon.godaddysites.com/,0
https://aryaraj235.github.io/facebook-clone/,0
http://white412281.studio.site/,0
http://uspsexpressinc.com/,0
https://gemlogind.godaddysites.com/,0
https://koenbassproilog.godaddysites.com/,0
https://meta_mask-log-inus.godaddysites.com/,0
http://sbc-102182.weeblysite.com/,0
http://att-inc-100974.weeblysite.com/,0
http://att-sign-in-108385.weeblysite.com/,0
http://almiras.kz/,0
http://shaw-108331.square.site/,0
https://kuucckioneelos.gitbook.io/us/,0
http://att-102205.weeblysite.com/,0
https://pagueagorasuasdividas.com.ua/,0
https://uphold-loginpps.godaddysites.com/,0
http://suiali.weebly.com/,0
http://homelineofdevelopmenttrustset.weebly.com/,0
http://tiktok-wholesale.shop/,0
https://krakelogoloin.godaddysites.com/,0
http://lsdjdf.weebly.com/,0
http://wordpress-565197-2243366.cloudwaysapps.com/wp-admin/ca/auth/,0
http://current-today-1-16-24.weeblysite.com/,0
http://www.us-ledgerlive.com/,0
https://coinsbiseprosloignz.gitbook.io/sign-in,0
http://tgv2.pages.dev/,0
http://plhfdte.weebly.com/,0
http://bafkreieaf76taco73pudblwjxda6p5lpfwgzwehwwyx7fnmt2u22ocnxdy.ipfs.dweb.link/,0
https://rnrna12s.weebly.com/,0
http://dana-kaget-indonesia-com.vercel.app/,0
https://upstoxprologic.godaddysites.com/,0
https://kraken-lloggin.godaddysites.com/,0
https://matxmask-logiin.gitbook.io/us/,0
https://help-rogers.com/,0
http://clone-netflix-project-murex.vercel.app/,0
https://suite-trazor-en.github.io/,0
http://bafybeigb6dg5e4amprtyamubqlu5whu67umcn5zrtwuwqqxmnk7jbp77ta.ipfs.dweb.link/,0
http://usconnbseprollogin.gitbook.io/,0
https://riobinhiodlogn.gitbook.io/,0
http://currentlymailaccount2024.weebly.com/,0
http://encryptedradar.pages.dev/,0
http://www.m.meta-accessibility.io.vn/,0
http://bteeee.weebly.com/,0
http://frugihb5rfvnjced0e9uhbfndxws.weebly.com/,0
http://attcom-101576.weeblysite.com/,0
http://attinc-105986.weeblysite.com/,0
https://urlz.fr/sn0X,0
https://qafq-fabd1e.ingress-haven.ewp.live/wp-content/plugins/idpass/pages/region.php?lca,0
https://uqpplolldlogiin.godaddysites.com/,0
http://managerinmanagerinarun.weebly.com/,0
https://scalemodelengineering.com/klk/login.php?l=_jehfuq_vjoxk0qwhtogydw1774256418&fid.13inboxlight.aspxn.1774256418&fid.125289964252813inboxlight99642_product-email&email=3mail@b.c,0
http://cup.innwest.top/,0
http://tinsigolucker.pages.dev/,0
http://dappsmultiverse.vercel.app/,0
http://att-100404.weeblysite.com/,0
https://e-obmen24.com/,0
https://tiktokmallshops.net/,0
http://ee-recover-account.web.app/,0
http://187365.vip/,0
https://pub-f72ca6fc9aa748f8a88c15300634ab5b.r2.dev/gymused.html,0
https://kuoinlogn-kucoign.godaddysites.com/,0
http://santanderclientesecure.com/,0
http://www.instagram-login-coral.vercel.app/,0
https://wordpress-565197-2243366.cloudwaysapps.com/wp-admin/ca/auth/entrar.php/,0
https://kcrakeenlogin.gitbook.io/us,0
http://gram-group.vercel.app/,0
https://metaa-mask-loghin.godaddysites.com/,0
http://iamew-6b4c.ocekrlmnnmaaa.workers.dev/,0
http://en-fxstringcon.pages.dev/,0
http://hilarious-malasada-977b46.netlify.app/,0
http://download.ebaymerchant.shop/,0
http://masturbatemom-liv.pages.dev/,0
http://business.activity-command-office.com/102276431780365/,0
https://electrum-bch.org/download/electrum-bch-...,0
http://59.183.116.177:55504/Mozi.m,0
http://59.89.10.32:43764/bin.sh,0
http://117.209.120.120:43808/Mozi.m,0
http://117.195.141.46:49341/bin.sh,0
http://117.217.81.141:58539/Mozi.m,0
http://117.219.42.41:42760/i,0
http://115.59.0.2:37388/bin.sh,0
http://171.100.81.38:8080/xampp/ngrok.exe,0
http://117.204.68.119:47792/bin.sh,0
http://154.12.36.162/top/TOP_2.5.1.vmp.exe,0
http://154.12.36.162/top19/TOP_2.4.6.vmp.exe,0
http://117.198.9.225:35055/i,0
http://154.12.36.162/2.exe,0
http://117.198.12.171:35250/bin.sh,0
http://117.219.133.193:58427/i,0
http://117.222.252.106:38887/bin.sh,0
http://59.95.92.233:56079/bin.sh,0
http://61.0.215.215:35269/bin.sh,0
http://115.58.158.131:37407/i,0
http://182.52.124.20:38334/bin.sh,0
http://42.231.53.113:49809/i,0
http://163.142.95.229:45660/bin.sh,0
http://117.222.122.80:59019/Mozi.m,0
http://182.124.157.65:34071/bin.sh,0
http://117.217.56.91:57467/i,0
http://61.3.23.188:57627/i,0
http://59.184.252.69:33592/i,0
http://39.79.125.81:33886/i,0
http://117.209.88.169:38220/i,0
http://59.183.161.30:44382/bin.sh,0
http://192.3.193.155/xampp/erg/er/wecreatednewt...,0
http://192.3.193.155/xampp/erg/WRDF.txt,0
http://204.10.160.206/YmIUjd244.bin,0
http://173.249.194.133/ybtOdFWAUqxmWDNtKiBGxIh1...,0
http://192.3.193.155/xampp/erg/meentireworldthi...,0
http://173.249.194.133/FFZvsdHAh147.bin,0
https://telesavers.co.za/MsulPihM76.bin,0
https://rgrowtopia.com/tmp/WDS.exe,0
http://192.227.225.173/xampp/gbv/IEnetworkUpdat...,0
http://192.227.225.173/T1009W/csrss.exe,0
http://192.210.150.19/VAQgkQ45.bin,0
http://192.210.150.19/eTzMQwJ134.bin,0
http://192.210.150.19/zYUIGkzn32.bin,0
http://192.210.150.19/clgbCLMZD133.bin,0
http://115.55.11.29:36786/bin.sh,0
http://61.168.141.131:56346/bin.sh,0
http://117.213.243.70:38776/Mozi.m,0
http://117.252.170.253:52125/i,0
http://42.231.53.113:49809/bin.sh,0
http://117.235.31.125:36064/i,0
http://125.47.72.17:52994/i,0
http://117.198.9.225:35055/bin.sh,0
http://117.201.24.185:33951/i,0
http://182.126.85.154:38185/i,0
http://117.253.104.138:50880/i,0
http://39.88.194.94:36269/i,0
http://61.3.99.130:53428/i,0
http://115.58.158.131:37407/bin.sh,0
http://4.210.154.233:8082/getfile.php?download=...,0
http://123.11.78.114:45271/i,0
http://91.92.251.205:8082/getfile.php?download=...,0
http://117.219.133.193:58427/bin.sh,0
http://117.253.59.241:48761/bin.sh,0
http://59.184.252.69:33592/bin.sh,0
http://61.3.23.188:57627/bin.sh,0
http://117.245.162.10:41500/Mozi.m,0
http://61.52.86.217:38060/i,0
http://116.140.166.148:54992/i,0
http://42.59.78.135:60584/i,0
http://59.183.98.193:44732/bin.sh,0
http://182.56.203.70:48828/i,0
http://218.94.154.190:34623/i,0
http://117.223.3.190:40498/bin.sh,0
http://117.245.8.206:46616/i,0
http://59.92.92.207:55086/i,0
http://42.224.95.193:47831/bin.sh,0
http://117.253.104.138:50880/bin.sh,0
http://117.210.176.230:37849/Mozi.m,0
http://117.235.31.125:36064/bin.sh,0
http://61.3.99.130:53428/bin.sh,0
http://117.252.170.253:52125/bin.sh,0
http://125.47.72.17:52994/bin.sh,0
http://123.11.200.219:55499/i,0
http://117.201.24.185:33951/bin.sh,0
http://120.61.9.175:60015/i,0
http://123.11.78.114:45271/bin.sh,0
http://115.50.182.201:35105/i,0
http://200.59.85.157:55997/i,0
http://117.245.8.206:46616/bin.sh,0
https://files.catbox.moe/kf8x1i.bat,0
https://files.catbox.moe/oh09l1.bat,0
http://61.52.86.217:38060/bin.sh,0
https://files.catbox.moe/8o2zsu.bat,0
http://117.208.220.182:37381/bin.sh,0
http://39.88.194.94:36269/bin.sh,0
http://2.haory.cn:8988/143/kc.exe,0
http://2.haory.cn:8988/143/sj.exe,0
http://2.haory.cn:8988/143/ddbj.exe,0
Offline,0
http://2.haory.cn:8988/143/jp.exe,0
http://2.haory.cn:8988/143/jpbj.exe,0
http://2.haory.cn:8988/143/cs.exe,0
http://2.haory.cn:8988/143/711.exe,0
http://2.haory.cn:8988/143/img.zip,0
http://2.haory.cn:8988/143/sjkc.exe,0
http://2.haory.cn:8988/143/pj.exe,0
http://2.haory.cn:8988/143/dd.exe,0
http://2.haory.cn:8988/143/gj.exe,0
http://2.haory.cn:8988/143/ymx.exe,0
http://42.59.78.135:60584/bin.sh,0
http://117.198.12.250:33090/i,0
http://200.93.99.54:60230/Mozi.m,0
http://125.46.231.98:48478/Mozi.m,0
http://182.57.251.138:34294/i,0
http://117.209.11.123:54262/bin.sh,0
http://59.92.92.207:55086/bin.sh,0
http://117.209.13.143:34747/bin.sh,0
http://123.11.200.219:55499/bin.sh,0
http://171.38.77.58:36387/Mozi.m,0
http://115.48.147.10:46716/i,0
http://185.29.10.52/550/makepicturewithgreatthi...,0
http://117.207.250.153:54077/i,0
https://paste.ee/d/tbzjY/0,0
http://115.50.182.201:35105/bin.sh,0
https://paste.ee/d/WksSo/0,0
https://hoteltropic.net/index.exe,0
http://200.59.85.157:55997/bin.sh,0
http://182.117.70.217:40249/bin.sh,0
http://120.61.9.175:60015/bin.sh,0
http://61.1.229.120:57619/bin.sh,0
http://117.255.106.18:56166/i,0
http://42.57.25.165:59132/i,0
http://117.235.116.10:60550/i,0
http://112.93.200.30:43218/i,0
http://117.255.97.217:39202/Mozi.m,0
http://123.175.93.207:40614/Mozi.a,0
http://91.229.151.230:33498/i,0
http://182.57.251.138:34294/bin.sh,0
http://27.202.176.212:33886/i,0
http://117.209.240.51:58286/i,0
http://218.94.154.190:34623/bin.sh,0
http://117.198.12.250:33090/bin.sh,0
https://electrum-usdt.com/download/electrum-usd...,0
https://electrum-zec.org/download/electrum-zec-...,0
http://113.230.86.139:40031/i,0
http://154.216.17.41/mips,0
http://31.148.168.117:47246/bin.sh,0
http://42.57.25.165:59132/bin.sh,0
http://117.255.106.18:56166/bin.sh,0
http://117.213.62.224:38283/bin.sh,0
http://117.209.82.0:50318/Mozi.m,0
http://103.15.254.56:33535/Mozi.m,0
http://42.224.169.112:46278/Mozi.m,0
http://222.141.138.234:56620/Mozi.m,0
http://192.112.100.21:60359/Mozi.m,0
http://27.206.197.84:60177/Mozi.m,0
http://117.235.75.48:39910/Mozi.m,0
http://117.209.25.136:48145/Mozi.m,0
http://103.200.87.169:57115/Mozi.m,0
http://117.253.213.121:53429/Mozi.m,0
http://213.100.213.47:40101/Mozi.m,0
http://hailcocks.ru/mips,0
http://117.200.150.40:45566/i,0
http://117.235.116.10:60550/bin.sh,0
http://42.56.186.207:40227/i,0
http://188.213.199.248/XrayPB_1.8.6_ADS.apk,0
http://165.227.183.175/d.apk,0
http://165.227.183.175/p2b.apk,0
https://electrum-eth.org/download/electrum-eth-...,0
http://59.178.181.184:59894/i,0
http://91.229.151.230:33498/bin.sh,0
http://117.209.86.34:49913/bin.sh,0
http://117.209.94.18:60162/i,0
http://117.253.163.185:37775/i,0
http://117.222.112.36:57372/bin.sh,0
https://electrum-usdt.com/download/electrum-usd...,0
http://42.180.64.44:48487/bin.sh,0
http://112.93.200.30:43218/bin.sh,0
http://113.230.86.139:40031/bin.sh,0
http://117.200.150.40:45566/bin.sh,0
http://59.95.82.170:53027/bin.sh,0
http://182.112.30.143:32805/bin.sh,0
http://59.97.120.166:49701/i,0
http://117.195.170.253:40814/bin.sh,0
http://59.182.130.199:37921/bin.sh,0
http://117.216.145.116:39330/i,0
http://117.219.117.105:33001/i,0
http://182.123.42.120:53188/bin.sh,0
http://59.99.44.206:40036/bin.sh,0
http://117.209.94.18:60162/bin.sh,0
http://117.253.163.185:37775/bin.sh,0
http://222.140.184.206:51515/bin.sh,0
http://59.178.181.184:59894/bin.sh,0
http://27.202.101.159:33886/i,0
http://59.89.227.247:60049/bin.sh,0
http://59.95.86.9:40506/i,0
http://147.45.44.104/yuop/66f517a571881_lyla334...,0
http://113.90.245.82:51525/i,0
https://stackoverflow.com/questions/tagged/php,1
https://stackoverflow.com/questions/tagged/microsoft-edge,1
https://stackoverflow.com/questions/tagged/sql,1
https://stackoverflow.com/questions/79030270/how-to-insert-a-char-into-stdvectorchar-fails-with-cannot-convert-argument,1
https://stackoverflow.com/questions/tagged/java,1
https://stackoverflow.com/questions/tagged/iwyu,1
https://stackoverflow.com/questions/tagged/android,1
https://stackoverflow.com/questions/tagged/dependencies,1
https://stackoverflow.com/questions/tagged/machine-learning,1
https://stackoverflow.com/questions/tagged/build,1
https://stackoverflow.com/questions/tagged/pandas,1
https://stackoverflow.com/questions/tagged/msal-angular,1
https://stackoverflow.com/questions/tagged/saga,1
https://stackoverflow.com/questions/tagged/state,1
https://stackoverflow.com/questions/79030219/ciphering-services-not-available-error-on-pysnmp-v3-walk,1
https://stackoverflow.com/questions/tagged/firefox,1
https://stackoverflow.com/questions/tagged/compatibility,1
https://stackoverflow.com/questions/tagged/svg-filters,1
https://stackoverflow.com/questions/tagged/snmpwalk,1
https://stackoverflow.com/questions/79030239/azure-application-insights-how-to-make-a-nice-time-graph-from-a-custom-kql-quer,1
https://stackoverflow.com/questions/tagged/azure-application-insights,1
https://stackoverflow.com/questions/79030244/using-getopts-and-case-multiple-times,1
https://stackoverflow.com/questions/tagged/reactjs,1
https://stackoverflow.com/questions/tagged/javascript,1
https://stackoverflow.com/questions/tagged/spring-boot,1
https://stackoverflow.com/questions/tagged/camel-cxf,1
https://stackoverflow.com/questions/79030216/whats-the-most-effective-way-to-access-an-external-16bit-sdram,1
https://stackoverflow.com/questions/tagged/masstransit,1
https://stackoverflow.com/questions/79030242/not-able-to-collect-flow-data-in-another-activity,1
https://stackoverflow.com/questions/tagged/pysnmp,1
https://stackoverflow.com/questions/tagged/data-cleaning,1
https://stackoverflow.com/questions/tagged/c,1
https://stackoverflow.com/questions/79030226/problem-with-trying-to-compile-ps4-11-50-webkit-on-debian-linux,1
https://stackoverflow.com/questions/79030256/how-can-i-achieve-accurate-imputation-of-missing-values-in-a-dataset,1
https://stackoverflow.com/questions/79030276/application-compilation-error-could-not-find-com-jaeger-statusbarutillibrary1,1
https://stackoverflow.com/questions/tagged/visual-studio,1
https://stackoverflow.com/questions/79030215/how-to-automatically-compute-a-signal-with-withcomputed-in-ngrx-signals-library,1
https://stackoverflow.com/questions/79030236/pass-a-pointer-to-a-functionand-allocate-and-initialize-it,1
https://stackoverflow.com/questions/tagged/gtk,1
https://stackoverflow.com/questions/tagged/inertiajs,1
https://stackoverflow.com/questions/tagged/apache-camel,1
https://stackoverflow.com/questions/tagged/snmp,1
https://stackoverflow.com/questions/tagged/clang-tidy,1
https://stackoverflow.com/questions/tagged/ios18,1
https://stackoverflow.com/questions/tagged/cmake,1
https://stackoverflow.com/questions/79030230/why-arent-file-uploads-banner-images-slider-working-in-laravel-with-react-a,1
https://stackoverflow.com/questions/tagged/bash,1
https://stackoverflow.com/questions/tagged/angular,1
https://stackoverflow.com/questions/tagged/appium-inspector,1
https://stackoverflow.com/questions/79030227/can-i-install-and-run-coral-usb-accelerator-on-ubuntu-22-04-without-downgrading,1
https://stackoverflow.com/questions/tagged/stm32,1
https://stackoverflow.com/questions/tagged/kql,1
https://stackoverflow.com/questions/79030266/appium-inspector-keeps-on-loading-on-trying-to-inspect-ios-elements,1
https://stackoverflow.com/questions/tagged/16-bit,1
https://stackoverflow.com/questions/tagged/browser,1
https://stackoverflow.com/questions/tagged/winapi,1
https://stackoverflow.com/questions/tagged/pointers,1
https://stackoverflow.com/questions/tagged/kotlin,1
https://stackoverflow.com/questions/tagged/css,1
https://stackoverflow.com/questions/79030232/how-to-use-loadexternaltokens-in-microsoft-authentication-library-for-js,1
https://stackoverflow.com/questions/tagged/msal.js,1
https://stackoverflow.com/questions/tagged/webkit,1
https://stackoverflow.com/questions/tagged/rabbitmq,1
https://stackoverflow.com/questions/tagged/oracle-integration-cloud,1
https://stackoverflow.com/questions/79030213/ms-edge-chrome-stopped-showing-response-preview,1
https://stackoverflow.com/questions/tagged/installation,1
https://stackoverflow.com/questions/tagged/apache-iceberg,1
https://stackoverflow.com/questions/79030254/how-to-skip-alternating-header-rows-in-csv-during-ftp-and-atp-integration-in-ora,1
https://stackoverflow.com/questions/tagged/ps4,1
https://stackoverflow.com/questions/tagged/8-bit,1
https://stackoverflow.com/questions/tagged/azure,1
https://stackoverflow.com/questions/tagged/ram,1
https://stackoverflow.com/questions/79030258/how-can-i-add-structured-metadata-to-a-column-in-an-iceberg-table,1
https://stackoverflow.com/questions/tagged/laravel,1
https://stackoverflow.com/questions/tagged/reference,1
https://stackoverflow.com/questions/tagged/testing,1
https://stackoverflow.com/questions/tagged/cxf,1
https://stackoverflow.com/questions/tagged/scikit-learn,1
https://stackoverflow.com/questions/tagged/animation,1
https://stackoverflow.com/questions/tagged/ngrx,1
https://stackoverflow.com/questions/tagged/microsoft-entra-external-id,1
https://stackoverflow.com/questions/79030255/saga-event-not-returning-to-main-controller-its-going-for-long-loading-resulted,1
https://stackoverflow.com/questions/tagged/microsoft-entra-id,1
https://stackoverflow.com/questions/tagged/getopts,1
https://stackoverflow.com/questions/tagged/c%2b%2b,1
https://stackoverflow.com/questions/79030235/using-misc-include-cleaner-with-windows-h,1
https://stackoverflow.com/questions/tagged/scripting,1
https://stackoverflow.com/questions/79030241/motion-blur-svg-filter-not-working-in-iphone,1
https://stackoverflow.com/questions/tagged/python,1
https://stackoverflow.com/questions/tagged/state-machine,1
https://stackoverflow.com/questions/ask,1
https://stackoverflow.com/questions/tagged/google-chrome,1
https://stackoverflow.com/questions/tagged/jbossfuse,1
https://stackoverflow.com/questions/tagged/annotations,1
https://stackoverflow.com/questions/79030250/composition-repeatable-annotations-in-custom-annotation,1
https://stackoverflow.com/questions/tagged/laravel-11,1
https://stackoverflow.com/questions/tagged/c%23,1
https://stackoverflow.com/questions/tagged/csv,1
https://stackoverflow.com/questions/tagged/iphone,1
https://stackoverflow.com/questions/79030264/how-to-avoid-exchange-timeout-in-redhat-fuse-adapter-working-with-apache-camel-a,1
https://forbes.com,1
https://github.com,1
https://nytimes.com,1
https://w3schools.com,1
https://nytimes.com,1
https://cnn.com,1
https://en.wikipedia.org/wiki/Hampton_Dellinger,1
https://en.wikipedia.org/wiki/Nerone_(Mascagni),1
https://en.wikipedia.org/wiki/Portarlington_(Parliament_of_Ireland_constituency),1
https://en.wikipedia.org/wiki/Teresa_Riera,1
https://en.wikipedia.org/wiki/Arch_Rock_(Tasmania),1
https://en.wikipedia.org/wiki/List_of_Falling_in_Reverse_band_members,1
https://en.wikipedia.org/wiki/Hatterrall_Ridge,1
https://en.wikipedia.org/wiki/Red_River_shiner,1
https://en.wikipedia.org/wiki/Blue_Kentucky_Girl_(Emmylou_Harris_album),1
https://en.wikipedia.org/wiki/Queen_Victoria_Diamond_Jubilee_Medal,1
https://en.wikipedia.org/wiki/List_of_Fairy_Tail_chapters_(volumes_46%E2%80%9363),1
https://en.wikipedia.org/wiki/Professional_practice_of_behavior_analysis,1
https://en.wikipedia.org/wiki/Seymour_Inlet,1
https://en.wikipedia.org/wiki/Daisy_Waterstone,1
https://en.wikipedia.org/wiki/Daniel_Baldi,1
https://en.wikipedia.org/wiki/Luis_Schiavo,1
https://en.wikipedia.org/wiki/Street_(Herman_Brood_%26_His_Wild_Romance_album),1
https://en.wikipedia.org/wiki/Screaming_Dead,1
https://en.wikipedia.org/wiki/Christian_National_Union_for_the_Reconstruction_of_Haiti,1
https://en.wikipedia.org/wiki/Raj_Madiraju,1
https://en.wikipedia.org/wiki/2009_European_Parliament_election_in_Romania,1
https://en.wikipedia.org/wiki/Gluconacetobacter_azotocaptans,1
"https://en.wikipedia.org/wiki/Stefan_Bajic_(footballer,_born_1997)",1
https://en.wikipedia.org/wiki/Gilly_in_Prague_for_the_First_Time,1
https://en.wikipedia.org/wiki/1948_New_York_Giants_season,1
https://en.wikipedia.org/wiki/C%C3%A9lestin_Bougl%C3%A9,1
https://en.wikipedia.org/wiki/Boulevard_Saint-Michel,1
https://en.wikipedia.org/wiki/Tramoyes,1
https://en.wikipedia.org/wiki/Ines_Erbus,1
https://en.wikipedia.org/wiki/Boys_on_Film,1
https://en.wikipedia.org/wiki/Gjergj_Spani,1
https://en.wikipedia.org/wiki/Jimmie%27s_Millions,1
https://en.wikipedia.org/wiki/Swimming_at_the_2011_World_Aquatics_Championships_%E2%80%93_Women%27s_200_metre_freestyle,1
https://en.wikipedia.org/wiki/John_Laughlin_(actor),1
https://en.wikipedia.org/wiki/Constitution_of_Carthage,1
https://en.wikipedia.org/wiki/Takuya_Sugawara,1
https://en.wikipedia.org/wiki/Clarence_L._Partee,1
https://en.wikipedia.org/wiki/Ancellotta,1
https://en.wikipedia.org/wiki/What%27s_on_Tonight,1
https://en.wikipedia.org/wiki/Abura/Asebu/Kwamankese_District,1
https://en.wikipedia.org/wiki/Alejandro_Acton,1
https://en.wikipedia.org/wiki/Futaba_Group,1
https://en.wikipedia.org/wiki/Flavia_Sparacino,1
https://en.wikipedia.org/wiki/Tobamovirus_internal_ribosome_entry_site_(IRES),1
https://en.wikipedia.org/wiki/Social_policy_of_the_Barack_Obama_administration,1
https://en.wikipedia.org/wiki/Martinism,1
https://en.wikipedia.org/wiki/John_Pudney,1
https://en.wikipedia.org/wiki/Duane_Kuiper,1
https://en.wikipedia.org/wiki/Conservation_biology,1
https://en.wikipedia.org/wiki/Porthetinae,1
https://en.wikipedia.org/wiki/WJNV,1
https://en.wikipedia.org/wiki/Atlantic_Rhapsody,1
https://en.wikipedia.org/wiki/Leo-Raymond_de_Neckere,1
https://en.wikipedia.org/wiki/HMS_Cottesmore_(L78),1
https://en.wikipedia.org/wiki/Trou-du-Nord_Arrondissement,1
https://en.wikipedia.org/wiki/Almaz_Ivanov,1
https://en.wikipedia.org/wiki/Keyon_Nash,1
https://en.wikipedia.org/wiki/I%27m_with_You_(Avril_Lavigne_song),1
https://en.wikipedia.org/wiki/Psalidoxena,1
https://en.wikipedia.org/wiki/Eiconaxius_cristagalli,1
https://en.wikipedia.org/wiki/Ginger_Johnson,1
https://en.wikipedia.org/wiki/Panthays,1
https://en.wikipedia.org/wiki/Pak_Jong-hyeon,1
https://en.wikipedia.org/wiki/Iraj%C3%A1,1
https://en.wikipedia.org/wiki/Joe_McWilliams,1
https://en.wikipedia.org/wiki/Roberto_Bressan,1
https://en.wikipedia.org/wiki/Juupajoki,1
https://en.wikipedia.org/wiki/Hotcakes_(album),1
https://en.wikipedia.org/wiki/Paul_McGahan,1
https://en.wikipedia.org/wiki/Maezora_Station,1
https://en.wikipedia.org/wiki/Matas_Jucikas,1
https://en.wikipedia.org/wiki/John_Hay_(Jesuit),1
https://en.wikipedia.org/wiki/Rainer_Kaufmann,1
https://en.wikipedia.org/wiki/Midna_Ruda,1
"https://en.wikipedia.org/wiki/Gulf_Park_Estates,_Mississippi",1
https://en.wikipedia.org/wiki/Cathie_Adams,1
"https://en.wikipedia.org/wiki/Malaka_Township,_Jasper_County,_Iowa",1
https://en.wikipedia.org/wiki/Life_Serial,1
https://en.wikipedia.org/wiki/Gisela_Stein,1
https://en.wikipedia.org/wiki/Eddie_McGill,1
https://en.wikipedia.org/wiki/2012_Superstars_Series_Spa-Francorchamps_round,1
https://en.wikipedia.org/wiki/Vrbo,1
"https://en.wikipedia.org/wiki/Luancheng,_Hebei",1
https://en.wikipedia.org/wiki/From_First_to_Last_(album),1
https://en.wikipedia.org/wiki/SafeBreach,1
https://en.wikipedia.org/wiki/Brachytrematidae,1
https://en.wikipedia.org/wiki/Henry_Johansen,1
https://en.wikipedia.org/wiki/Galician_Academy_of_the_Portuguese_Language,1
https://en.wikipedia.org/wiki/Ugonna,1
https://en.wikipedia.org/wiki/Edgar_Towner,1
https://en.wikipedia.org/wiki/Maralan,1
https://en.wikipedia.org/wiki/Monazite,1
https://en.wikipedia.org/wiki/Jennifer_duBois,1
https://en.wikipedia.org/wiki/1931_World_Fencing_Championships,1
https://en.wikipedia.org/wiki/Center_for_Bio-Ethical_Reform,1
https://en.wikipedia.org/wiki/John_Quinn_Sr.,1
https://en.wikipedia.org/wiki/Parc_floral_de_Paris,1
https://en.wikipedia.org/wiki/Wiltshire_Emergency_Services,1
https://en.wikipedia.org/wiki/Google_Charts,1
"https://en.wikipedia.org/wiki/Five_Ways,_Birmingham",1
